Rafis,574471,88
Rafis,790415,72
Rafis,968065,88
Rafis,785097,72
Rafis,843155,72
Rafis,875761,72
Rafis,772476,88
Rafis,328472,88
Rafis,949011,72
Rafis,869222,0
kuu01,722525,72
kuu01,858271,72
kuu01,638493,72
kuu01,161787,72
kuu01,814293,72
kuu01,962959,72
kuu01,651744,72
kuu01,738929,72
kuu01,777303,72
kuu01,796721,72
filsdelama,746736,88
filsdelama,328472,80
filsdelama,883094,88
filsdelama,453042,88
filsdelama,471971,88
filsdelama,774965,64
filsdelama,875761,64
filsdelama,877625,64
filsdelama,853919,64
filsdelama,757823,88
bahamete,817174,72
bahamete,676193,584
bahamete,747855,72
bahamete,660357,64
bahamete,772476,64
bahamete,646530,72
bahamete,638493,64
bahamete,812590,64
bahamete,780914,64
bahamete,651744,64
Xilver,668662,16
Xilver,765873,16
Xilver,772476,72
Xilver,718679,16
Xilver,767203,16
Xilver,771496,16
Xilver,427090,16
Xilver,516322,72
Xilver,646530,72
Xilver,429989,16
Axarious,808848,88
Axarious,814293,88
Axarious,774965,584
Axarious,804164,64
Axarious,795988,72
Axarious,422328,64
Axarious,661243,72
Axarious,858271,64
Axarious,660357,72
Axarious,777303,72
AngeLMegumin,774965,64
AngeLMegumin,980431,64
AngeLMegumin,890190,0
AngeLMegumin,875761,72
AngeLMegumin,900631,72
AngeLMegumin,795988,72
AngeLMegumin,785097,64
AngeLMegumin,657917,16
AngeLMegumin,877625,72
AngeLMegumin,808848,72
-Zirba-,949011,72
-Zirba-,945279,72
-Zirba-,957154,72
-Zirba-,853919,72
-Zirba-,900631,72
-Zirba-,916631,72
-Zirba-,828806,72
-Zirba-,948153,72
-Zirba-,660357,72
-Zirba-,780914,72
Musty,827803,24
Musty,767203,24
Musty,820737,24
Musty,932223,88
Musty,787430,88
Musty,893739,24
Musty,335628,24
Musty,718679,16
Musty,676172,24
Musty,581623,24
_index,774965,64
_index,680394,16
_index,890190,0
_index,790048,16
_index,946082,16
_index,808848,64
_index,509510,16
_index,668662,16
_index,877625,72
_index,676193,72
Rohulk,888010,24
Rohulk,918415,24
Rohulk,767203,24
Rohulk,894409,24
Rohulk,861381,24
Rohulk,809469,24
Rohulk,667021,24
Rohulk,795834,72
Rohulk,827803,24
Rohulk,811127,24
Dustice,970048,0
Dustice,790048,8
Dustice,772476,72
Dustice,147327,72
Dustice,638493,64
Dustice,875761,64
Dustice,651744,64
Dustice,867391,72
Dustice,161787,64
Dustice,747855,64
Beafowl,767203,24
Beafowl,880206,24
Beafowl,884664,24
Beafowl,811127,24
Beafowl,574471,72
Beafowl,687303,24
Beafowl,831443,24
Beafowl,809469,24
Beafowl,335628,24
Beafowl,676172,24
Bikko,793846,24
Bikko,495633,24
Bikko,820737,24
Bikko,142954,24
Bikko,614323,24
Bikko,811127,24
Bikko,663992,24
Bikko,115384,24
Bikko,676172,24
Bikko,467821,24
-T A R U L A S-,890190,0
-T A R U L A S-,676193,72
-T A R U L A S-,946082,16
-T A R U L A S-,614323,24
-T A R U L A S-,814293,72
-T A R U L A S-,899732,24
-T A R U L A S-,861381,24
-T A R U L A S-,808848,64
-T A R U L A S-,790048,0
-T A R U L A S-,772476,64
Sanze,808848,72
Sanze,434870,72
Sanze,877625,64
Sanze,902721,64
Sanze,899103,72
Sanze,574471,72
Sanze,863038,72
Sanze,915154,72
Sanze,676193,72
Sanze,546514,64
Neliel,724015,0
Neliel,817929,16
Neliel,772476,64
Neliel,970048,0
Neliel,790048,0
Neliel,574471,72
Neliel,890190,0
Neliel,658127,0
Neliel,614323,16
Neliel,888010,16
CXu,817929,24
CXu,776951,24
CXu,888010,24
CXu,861381,24
CXu,872110,24
CXu,790048,8
CXu,787430,88
CXu,946082,24
CXu,614323,24
CXu,932223,88
Mizuru,780914,72
Mizuru,877625,72
Mizuru,638493,72
Mizuru,988793,72
Mizuru,814293,72
Mizuru,688907,72
Mizuru,772476,72
Mizuru,867391,72
Mizuru,968065,72
Mizuru,646530,72
Azer,808848,72
Azer,776951,24
Azer,877625,72
Azer,814293,72
Azer,550235,24
Azer,614323,24
Azer,495633,24
Azer,893739,24
Azer,646530,72
Azer,509510,24
Spare,853919,72
Spare,812590,72
Spare,877625,72
Spare,688907,72
Spare,937647,72
Spare,942060,72
Spare,814293,72
Spare,784240,72
Spare,988793,72
Spare,869197,72
Reimu-Desu,696225,64
Reimu-Desu,638493,72
Reimu-Desu,658127,0
Reimu-Desu,772476,72
Reimu-Desu,747855,72
Reimu-Desu,147327,72
Reimu-Desu,574471,72
Reimu-Desu,651744,64
Reimu-Desu,646530,72
Reimu-Desu,812590,72
Gayzmcgee,821548,72
Gayzmcgee,847314,72
Gayzmcgee,791029,72
Gayzmcgee,161787,72
Gayzmcgee,126859,72
Gayzmcgee,780914,64
Gayzmcgee,638493,72
Gayzmcgee,988793,64
Gayzmcgee,747855,72
Gayzmcgee,209576,72
HappyStick,774965,64
HappyStick,790415,64
HappyStick,877625,72
HappyStick,853919,72
HappyStick,968065,72
HappyStick,651744,64
HappyStick,427090,16
HappyStick,638493,64
HappyStick,888010,16
HappyStick,574471,72
Vaxei,774965,64
Vaxei,804164,72
Vaxei,816600,72
Vaxei,795988,72
Vaxei,858271,64
Vaxei,945279,72
Vaxei,696225,72
Vaxei,328472,88
Vaxei,948153,72
Vaxei,766938,72
Rucker,776951,24
Rucker,687303,24
Rucker,884664,24
Rucker,861381,24
Rucker,827803,24
Rucker,676172,24
Rucker,817929,8
Rucker,714001,24
Rucker,111302,24
Rucker,888010,0
oxycodone,659648,64
oxycodone,848994,64
oxycodone,698218,64
oxycodone,690778,64
oxycodone,527712,64
oxycodone,696225,64
oxycodone,539394,64
oxycodone,677751,64
oxycodone,638551,64
oxycodone,742717,64
My Aim Sucks,946082,24
My Aim Sucks,598867,24
My Aim Sucks,988793,72
My Aim Sucks,767203,24
My Aim Sucks,688907,72
My Aim Sucks,335628,24
My Aim Sucks,831443,24
My Aim Sucks,820737,24
My Aim Sucks,667021,24
My Aim Sucks,386760,24
Recia,853919,72
Recia,668662,24
Recia,918415,24
Recia,808848,72
Recia,718679,24
Recia,817929,24
Recia,546514,72
Recia,328472,88
Recia,814293,72
Recia,638493,72
DudsonZ,776951,24
DudsonZ,814293,72
DudsonZ,256027,24
DudsonZ,811127,24
DudsonZ,808848,72
DudsonZ,772476,72
DudsonZ,550235,24
DudsonZ,676193,72
DudsonZ,574471,72
DudsonZ,895275,72
kune259,814293,72
kune259,808848,72
kune259,869197,72
kune259,937647,72
kune259,785099,72
kune259,676193,72
kune259,549280,72
kune259,899103,72
kune259,516322,72
kune259,397299,72
Kynan,651744,64
Kynan,688907,64
Kynan,642687,64
Kynan,812590,64
Kynan,785099,64
Kynan,747855,64
Kynan,867391,64
Kynan,772476,64
Kynan,808848,64
Kynan,676193,64
Astar,853919,72
Astar,814293,72
Astar,979155,72
Astar,785099,72
Astar,676193,72
Astar,968065,584
Astar,772476,72
Astar,574471,72
Astar,863038,72
Astar,516322,72
NerO,104229,24
NerO,594965,72
NerO,790048,8
NerO,736215,16
NerO,777303,72
NerO,574471,72
NerO,651744,72
NerO,808848,72
NerO,794750,24
NerO,968065,72
Meltina,147327,72
Meltina,890190,0
Meltina,638493,64
Meltina,772476,72
Meltina,574471,72
Meltina,790048,0
Meltina,827803,24
Meltina,429797,72
Meltina,450079,72
Meltina,161611,64
Emperorpenguin83,667021,24
Emperorpenguin83,932223,88
Emperorpenguin83,787430,88
Emperorpenguin83,676172,24
Emperorpenguin83,335628,24
Emperorpenguin83,522773,88
Emperorpenguin83,471971,88
Emperorpenguin83,781124,88
Emperorpenguin83,703177,72
Emperorpenguin83,793107,88
Gokuri,877625,72
Gokuri,968065,72
Gokuri,790048,0
Gokuri,574471,72
Gokuri,676172,24
Gokuri,863038,72
Gokuri,814293,72
Gokuri,386728,24
Gokuri,703177,72
Gokuri,678031,72
Vettel,688907,72
Vettel,651744,72
Vettel,808848,72
Vettel,814293,72
Vettel,777303,72
Vettel,676193,72
Vettel,780914,72
Vettel,785099,72
Vettel,968065,72
Vettel,747855,72
Wilchq,718679,24
Wilchq,776951,24
Wilchq,817929,24
Wilchq,918415,24
Wilchq,888010,24
Wilchq,861381,24
Wilchq,827803,24
Wilchq,550235,24
Wilchq,803199,24
Wilchq,467689,24
DoKito,718679,24
DoKito,803828,24
DoKito,803199,24
DoKito,884664,24
DoKito,657917,24
DoKito,811127,24
DoKito,609843,24
DoKito,946082,24
DoKito,809469,24
DoKito,667021,24
talala,814293,72
talala,658127,0
talala,851811,72
talala,867391,72
talala,785099,72
talala,790048,0
talala,772476,584
talala,147327,72
talala,747855,72
talala,722607,72
isokasapupuja,638493,64
isokasapupuja,747855,64
isokasapupuja,651744,64
isokasapupuja,808848,64
isokasapupuja,617429,64
isokasapupuja,574471,64
isokasapupuja,772476,64
isokasapupuja,147327,64
isokasapupuja,676193,64
isokasapupuja,814293,64
Tokichii,808848,72
Tokichii,814293,72
Tokichii,574471,72
Tokichii,795988,64
Tokichii,638493,64
Tokichii,828806,64
Tokichii,899103,72
Tokichii,516322,72
Tokichii,846259,72
Tokichii,863038,72
DVa,772476,72
DVa,552068,16
DVa,795834,72
DVa,147327,72
DVa,809469,24
DVa,803828,16
DVa,747855,64
DVa,676172,16
DVa,95382,16
DVa,869222,0
WubWoofWolf,718156,16
WubWoofWolf,668662,16
WubWoofWolf,814293,72
WubWoofWolf,28783,80
WubWoofWolf,787430,600
WubWoofWolf,827803,24
WubWoofWolf,574471,72
WubWoofWolf,467689,24
WubWoofWolf,516322,72
WubWoofWolf,912167,24
[Toy],772476,72
[Toy],811127,24
[Toy],827803,24
[Toy],335628,24
[Toy],888010,24
[Toy],820737,24
[Toy],767203,24
[Toy],667021,24
[Toy],718679,24
[Toy],583343,24
zeluaR,598867,16
zeluaR,574471,72
zeluaR,790048,0
zeluaR,678031,72
zeluaR,776951,16
zeluaR,638493,64
zeluaR,861381,16
zeluaR,736215,0
zeluaR,300689,16
zeluaR,495633,16
hvick225,790415,72
hvick225,827488,72
hvick225,696225,72
hvick225,843155,72
hvick225,848994,72
hvick225,890467,72
hvick225,878963,72
hvick225,642687,72
hvick225,785097,72
hvick225,795988,72
Cookiezi,658127,16
Cookiezi,129891,16
Cookiezi,970048,24
Cookiezi,736215,24
Cookiezi,804164,72
Cookiezi,890190,8
Cookiezi,790048,24
Cookiezi,869222,16
Cookiezi,555797,0
Cookiezi,657917,24
DenierNezzar,890190,0
DenierNezzar,970048,0
DenierNezzar,791274,32
DenierNezzar,747855,72
DenierNezzar,772476,576
DenierNezzar,785099,72
DenierNezzar,676193,64
DenierNezzar,946082,16
DenierNezzar,574471,72
DenierNezzar,946685,72
